ID,Name,Type,Category,Accuracy,Base Power,PP,Description
719,"10,000,000 Volt Thunderbolt",Electric,Special,True,195,1,Has a very high chance for a critical hit.
71,Absorb,Grass,Special,100,20,25,The user recovers 1/2 the HP lost by the target
709,Accelerock,Rock,Physical,100,40,20,No additional effect.
51,Acid,Poison,Special,100,40,30,Has a 10% chance to lower the target's Special Defense by 1 stage.
151,Acid Armor,Poison,Status,True,0,20,Raises the user's Defense by 2 stages.
628,Acid Downpour,Poison,Physical,True,1,1,Power is equal to the base move's Z-Power.
491,Acid Spray,Poison,Special,100,40,20,Has a 100% chance to lower the target's Special Defense by 2 stages.
512,Acrobatics,Flying,Physical,100,55,15,Power doubles if the user has no held item.
367,Acupressure,Normal,Status,True,0,30,Raises a random stat by 2 stages as long as the stat is not already at stage 6. The user can choose to use this move on itself or an adjacent ally. Fails if no stat stage can be raised or if used on an ally with a substitute.
332,Aerial Ace,Flying,Physical,True,60,20,This move does not check accuracy.
177,Aeroblast,Flying,Special,95,100,5,Has a higher chance for a critical hit.
495,After You,Normal,Status,True,0,15,The target makes its move immediately after the user this turn
97,Agility,Psychic,Status,True,0,30,Raises the user's Speed by 2 stages.
314,Air Cutter,Flying,Special,95,60,25,Has a higher chance for a critical hit.
403,Air Slash,Flying,Special,95,75,15,Has a 30% chance to flinch the target.
624,All-Out Pummeling,Fighting,Physical,True,1,1,Power is equal to the base move's Z-Power.
502,Ally Switch,Psychic,Status,True,0,15,The user swaps positions with its ally. Fails if the user is the only Pokemon on its side.
133,Amnesia,Psychic,Status,True,0,20,Raises the user's Special Defense by 2 stages.
677,Anchor Shot,Steel,Physical,100,80,20,Prevents the target from switching out. The target can still switch out if it is holding Shed Shell or uses Baton Pass
246,Ancient Power,Rock,Special,100,60,5,Has a 10% chance to raise the user's Attack
787,Apple Acid,Grass,Special,100,80,10,Has a 100% chance to lower the target's Special Defense by 1 stage.
453,Aqua Jet,Water,Physical,100,40,20,No additional effect.
392,Aqua Ring,Water,Status,True,0,20,The user has 1/16 of its maximum HP
401,Aqua Tail,Water,Physical,90,90,10,No additional effect.
292,Arm Thrust,Fighting,Physical,100,15,20,Hits two to five times. Has a 1/3 chance to hit two or three times
312,Aromatherapy,Grass,Status,True,0,5,Every Pokemon in the user's party is cured of its major status condition. Active Pokemon with the Sap Sipper Ability are not cured
597,Aromatic Mist,Fairy,Status,True,0,20,Raises the target's Special Defense by 1 stage. Fails if there is no ally adjacent to the user.
274,Assist,Normal,Status,True,0,20,A random move among those known by the user's party members is selected for use. Does not select Assist
372,Assurance,Dark,Physical,100,60,10,Power doubles if the target has already taken damage this turn
310,Astonish,Ghost,Physical,100,30,15,Has a 30% chance to flinch the target.
825,Astral Barrage,Ghost,Special,100,120,5,No additional effect.
454,Attack Order,Bug,Physical,100,90,15,Has a higher chance for a critical hit.
213,Attract,Normal,Status,100,0,15,Causes the target to become infatuated
396,Aura Sphere,Fighting,Special,True,80,20,This move does not check accuracy.
783,Aura Wheel,Electric,Physical,100,110,10,Has a 100% chance to raise the user's Speed by 1 stage. If the user is a Morpeko in Full Belly Mode
62,Aurora Beam,Ice,Special,100,65,20,Has a 10% chance to lower the target's Attack by 1 stage.
694,Aurora Veil,Ice,Status,True,0,20,For 5 turns
475,Autotomize,Steel,Status,True,0,15,Raises the user's Speed by 2 stages. If the user's Speed was changed
419,Avalanche,Ice,Physical,100,60,10,Power doubles if the user was hit by the target this turn.
608,Baby-Doll Eyes,Fairy,Status,100,0,30,Lowers the target's Attack by 1 stage.
737,Baddy Bad,Dark,Special,95,80,15,This move summons Reflect for 5 turns upon use.
661,Baneful Bunker,Poison,Status,True,0,10,The user is protected from most attacks made by other Pokemon during this turn
140,Barrage,Normal,Physical,85,15,20,Hits two to five times. Has a 1/3 chance to hit two or three times
112,Barrier,Psychic,Status,True,0,20,Raises the user's Defense by 2 stages.
226,Baton Pass,Normal,Status,True,0,40,The user is replaced with another Pokemon in its party. The selected Pokemon has the user's stat stage changes
690,Beak Blast,Flying,Physical,100,100,15,If the user is hit by a contact move this turn before it can execute this move
251,Beat Up,Dark,Physical,100,0,10,Hits one time for the user and one time for each unfainted Pokemon without a major status condition in the user's party. The power of each hit is equal to 5+(X/10)
782,Behemoth Bash,Steel,Physical,100,100,5,Damage doubles if the target is Dynamaxed.
781,Behemoth Blade,Steel,Physical,100,100,5,Damage doubles if the target is Dynamaxed.
562,Belch,Poison,Special,90,120,10,This move cannot be selected until the user eats a Berry
187,Belly Drum,Normal,Status,True,0,10,Raises the user's Attack by 12 stages in exchange for the user losing 1/2 of its maximum HP
516,Bestow,Normal,Status,True,0,15,The target receives the user's held item. Fails if the user has no item or is holding a Mail or Z-Crystal
117,Bide,Normal,Physical,True,0,10,The user spends two turns locked into this move and then
20,Bind,Normal,Physical,85,15,20,Prevents the target from switching for four or five turns (seven turns if the user is holding Grip Claw). Causes damage to the target equal to 1/8 of its maximum HP (1/6 if the user is holding Binding Band)
44,Bite,Dark,Physical,100,60,25,Has a 30% chance to flinch the target.
654,Black Hole Eclipse,Dark,Physical,True,1,1,Power is equal to the base move's Z-Power.
307,Blast Burn,Fire,Special,90,150,5,If this move is successful
299,Blaze Kick,Fire,Physical,90,85,10,Has a 10% chance to burn the target and a higher chance for a critical hit.
59,Blizzard,Ice,Special,70,110,5,Has a 10% chance to freeze the target. If the weather is Hail
335,Block,Normal,Status,True,0,5,Prevents the target from switching out. The target can still switch out if it is holding Shed Shell or uses Baton Pass
644,Bloom Doom,Grass,Physical,True,1,1,Power is equal to the base move's Z-Power.
551,Blue Flare,Fire,Special,85,130,5,Has a 20% chance to burn the target.
776,Body Press,Fighting,Physical,100,80,10,Damage is calculated using the user's Defense stat as its Attack
34,Body Slam,Normal,Physical,100,85,15,Has a 30% chance to paralyze the target. Damage doubles and no accuracy check is done if the target has used Minimize while active.
754,Bolt Beak,Electric,Physical,100,85,10,Power doubles if the user moves before the target.
550,Bolt Strike,Electric,Physical,85,130,5,Has a 20% chance to paralyze the target.
125,Bone Club,Ground,Physical,85,65,20,Has a 10% chance to flinch the target.
155,Bonemerang,Ground,Physical,90,50,10,Hits twice. If the first hit breaks the target's substitute
198,Bone Rush,Ground,Physical,90,25,10,Hits two to five times. Has a 1/3 chance to hit two or three times
586,Boomburst,Normal,Special,100,140,10,No additional effect.
340,Bounce,Flying,Physical,85,85,5,Has a 30% chance to paralyze the target. This attack charges on the first turn and executes on the second. On the first turn
733,Bouncy Bubble,Water,Special,100,60,20,The user recovers 1/2 the HP lost by the target
785,Branch Poke,Grass,Physical,100,40,40,No additional effect.
413,Brave Bird,Flying,Physical,100,120,15,If the target lost HP
784,Breaking Swipe,Dragon,Physical,100,60,15,Has a 100% chance to lower the target's Attack by 1 stage.
622,Breakneck Blitz,Normal,Physical,True,1,1,Power is equal to the base move's Z-Power.
280,Brick Break,Fighting,Physical,100,75,15,If this attack does not miss
362,Brine,Water,Special,100,65,10,Power doubles if the target has less than or equal to half of its maximum HP remaining.
693,Brutal Swing,Dark,Physical,100,60,20,No additional effect.
145,Bubble,Water,Special,100,40,30,Has a 10% chance to lower the target's Speed by 1 stage.
61,Bubble Beam,Water,Special,100,65,20,Has a 10% chance to lower the target's Speed by 1 stage.
450,Bug Bite,Bug,Physical,100,60,20,If this move is successful and the user has not fainted
405,Bug Buzz,Bug,Special,100,90,10,Has a 10% chance to lower the target's Special Defense by 1 stage.
339,Bulk Up,Fighting,Status,True,0,20,Raises the user's Attack and Defense by 1 stage.
523,Bulldoze,Ground,Physical,100,60,20,Has a 100% chance to lower the target's Speed by 1 stage.
418,Bullet Punch,Steel,Physical,100,40,30,No additional effect.
331,Bullet Seed,Grass,Physical,100,25,30,Hits two to five times. Has a 1/3 chance to hit two or three times
807,Burning Jealousy,Fire,Special,100,70,5,Has a 100% chance to burn the target if it had a stat stage raised this turn.
682,Burn Up,Fire,Special,100,130,5,Fails unless the user is a Fire type. If this move is successful
734,Buzzy Buzz,Electric,Special,100,60,20,Has a 100% chance to paralyze the foe.
347,Calm Mind,Psychic,Status,True,0,20,Raises the user's Special Attack and Special Defense by 1 stage.
293,Camouflage,Normal,Status,True,0,20,The user's type changes based on the battle terrain. Normal type on the regular Wi-Fi terrain
445,Captivate,Normal,Status,100,0,20,Lowers the target's Special Attack by 2 stages. The target is unaffected if both the user and the target are the same gender
658,Catastropika,Electric,Physical,True,210,1,No additional effect.
606,Celebrate,Normal,Status,True,0,40,No competitive use.
268,Charge,Electric,Status,True,0,20,Raises the user's Special Defense by 1 stage. If the user uses an Electric-type attack on the next turn
451,Charge Beam,Electric,Special,90,50,10,Has a 70% chance to raise the user's Special Attack by 1 stage.
204,Charm,Fairy,Status,100,0,20,Lowers the target's Attack by 2 stages.
448,Chatter,Flying,Special,100,65,20,Has a 100% chance to confuse the target.
498,Chip Away,Normal,Physical,100,70,20,Ignores the target's stat stage changes
509,Circle Throw,Fighting,Physical,90,60,10,If both the user and the target have not fainted
128,Clamp,Water,Physical,85,35,15,Prevents the target from switching for four or five turns (seven turns if the user is holding Grip Claw). Causes damage to the target equal to 1/8 of its maximum HP (1/6 if the user is holding Binding Band)
691,Clanging Scales,Dragon,Special,100,110,5,Lowers the user's Defense by 1 stage.
775,Clangorous Soul,Dragon,Status,True,0,5,Raises the user's Attack
728,Clangorous Soulblaze,Dragon,Special,True,185,1,Raises the user's Attack
499,Clear Smog,Poison,Special,True,50,15,Resets all of the target's stat stages to 0.
370,Close Combat,Fighting,Physical,100,120,5,Lowers the user's Defense and Special Defense by 1 stage.
811,Coaching,Fighting,Status,True,0,10,Raises the target's Attack and Defense by 1 stage. Fails if there is no ally adjacent to the user.
489,Coil,Poison,Status,True,0,20,Raises the user's Attack
4,Comet Punch,Normal,Physical,85,18,15,Hits two to five times. Has a 1/3 chance to hit two or three times
590,Confide,Normal,Status,True,0,20,Lowers the target's Special Attack by 1 stage.
109,Confuse Ray,Ghost,Status,100,0,10,Causes the target to become confused.
93,Confusion,Psychic,Special,100,50,25,Has a 10% chance to confuse the target.
132,Constrict,Normal,Physical,100,10,35,Has a 10% chance to lower the target's Speed by 1 stage.
632,Continental Crush,Rock,Physical,True,1,1,Power is equal to the base move's Z-Power.
160,Conversion,Normal,Status,True,0,30,The user's type changes to match the original type of the move in its first move slot. Fails if the user cannot change its type
176,Conversion 2,Normal,Status,True,0,30,The user's type changes to match a type that resists or is immune to the type of the last move used by the target
383,Copycat,Normal,Status,True,0,20,The user uses the last move used by any Pokemon
687,Core Enforcer,Dragon,Special,100,100,10,If the user moves after the target
638,Corkscrew Crash,Steel,Physical,True,1,1,Power is equal to the base move's Z-Power.
810,Corrosive Gas,Poison,Status,100,0,40,The target loses its held item. This move cannot cause Pokemon with the Sticky Hold Ability to lose their held item or cause a Kyogre
322,Cosmic Power,Psychic,Status,True,0,20,Raises the user's Defense and Special Defense by 1 stage.
538,Cotton Guard,Grass,Status,True,0,10,Raises the user's Defense by 3 stages.
178,Cotton Spore,Grass,Status,100,0,40,Lowers the target's Speed by 2 stages.
68,Counter,Fighting,Physical,100,0,20,Deals damage to the last opposing Pokemon to hit the user with a physical attack this turn equal to twice the HP lost by the user from that attack. If the user did not lose HP from the attack
756,Court Change,Normal,Status,100,0,10,Switches the Mist
343,Covet,Normal,Physical,100,60,25,If this attack was successful and the user has not fainted
152,Crabhammer,Water,Physical,90,100,10,Has a higher chance for a critical hit.
578,Crafty Shield,Fairy,Status,True,0,10,The user and its party members are protected from non-damaging attacks made by other Pokemon
238,Cross Chop,Fighting,Physical,80,100,5,Has a higher chance for a critical hit.
440,Cross Poison,Poison,Physical,100,70,20,Has a 10% chance to poison the target and a higher chance for a critical hit.
242,Crunch,Dark,Physical,100,80,15,Has a 20% chance to lower the target's Defense by 1 stage.
306,Crush Claw,Normal,Physical,95,75,10,Has a 50% chance to lower the target's Defense by 1 stage.
462,Crush Grip,Normal,Physical,100,0,5,Power is equal to 120 * (target's current HP / target's maximum HP)
174,Curse,Ghost,Status,True,0,10,If the user is not a Ghost type
15,Cut,Normal,Physical,95,50,30,No additional effect.
663,Darkest Lariat,Dark,Physical,100,85,10,Ignores the target's stat stage changes
399,Dark Pulse,Dark,Special,100,80,15,Has a 20% chance to flinch the target.
464,Dark Void,Dark,Status,50,0,10,Causes the target to fall asleep. This move cannot be used successfully unless the user's current form
605,Dazzling Gleam,Fairy,Special,100,80,10,No additional effect.
777,Decorate,Fairy,Status,True,0,15,Raises the target's Attack and Special Attack by 2 stages.
455,Defend Order,Bug,Status,True,0,10,Raises the user's Defense and Special Defense by 1 stage.
111,Defense Curl,Normal,Status,True,0,40,Raises the user's Defense by 1 stage. As long as the user remains active
432,Defog,Flying,Status,True,0,15,Lowers the target's evasiveness by 1 stage. If this move is successful and whether or not the target's evasiveness was affected
194,Destiny Bond,Ghost,Status,True,0,5,Until the user's next move
197,Detect,Fighting,Status,True,0,5,The user is protected from most attacks made by other Pokemon during this turn. This move has a 1/X chance of being successful
652,Devastating Drake,Dragon,Physical,True,1,1,Power is equal to the base move's Z-Power.
591,Diamond Storm,Rock,Physical,95,100,5,Has a 50% chance to raise the user's Defense by 2 stages.
91,Dig,Ground,Physical,100,80,10,This attack charges on the first turn and executes on the second. On the first turn
50,Disable,Normal,Status,100,0,20,For 4 turns
574,Disarming Voice,Fairy,Special,True,40,15,This move does not check accuracy.
435,Discharge,Electric,Special,100,80,15,Has a 30% chance to paralyze the target.
291,Dive,Water,Physical,100,80,10,This attack charges on the first turn and executes on the second. On the first turn
146,Dizzy Punch,Normal,Physical,100,70,10,Has a 20% chance to confuse the target.
353,Doom Desire,Steel,Special,100,140,5,Deals damage two turns after this move is used. At the end of that turn
38,Double-Edge,Normal,Physical,100,120,15,If the target lost HP
458,Double Hit,Normal,Physical,90,35,10,Hits twice. If the first hit breaks the target's substitute
742,Double Iron Bash,Steel,Physical,100,60,5,Hits twice. If the first hit breaks the target's substitute
24,Double Kick,Fighting,Physical,100,30,30,Hits twice. If the first hit breaks the target's substitute
3,Double Slap,Normal,Physical,85,15,10,Hits two to five times. Has a 1/3 chance to hit two or three times
104,Double Team,Normal,Status,True,0,15,Raises the user's evasiveness by 1 stage.
434,Draco Meteor,Dragon,Special,90,130,5,Lowers the user's Special Attack by 2 stages.
620,Dragon Ascent,Flying,Physical,100,120,5,Lowers the user's Defense and Special Defense by 1 stage.
225,Dragon Breath,Dragon,Special,100,60,20,Has a 30% chance to paralyze the target.
337,Dragon Claw,Dragon,Physical,100,80,15,No additional effect.
349,Dragon Dance,Dragon,Status,True,0,20,Raises the user's Attack and Speed by 1 stage.
751,Dragon Darts,Dragon,Physical,100,50,10,Hits twice. If the first hit breaks the target's substitute
820,Dragon Energy,Dragon,Special,100,150,5,Power is equal to (user's current HP * 150 / user's maximum HP)
692,Dragon Hammer,Dragon,Physical,100,90,15,No additional effect.
406,Dragon Pulse,Dragon,Special,100,85,10,No additional effect.
82,Dragon Rage,Dragon,Special,100,0,10,Deals 40 HP of damage to the target.
407,Dragon Rush,Dragon,Physical,75,100,10,Has a 20% chance to flinch the target. Damage doubles and no accuracy check is done if the target has used Minimize while active.
525,Dragon Tail,Dragon,Physical,90,60,10,If both the user and the target have not fainted
577,Draining Kiss,Fairy,Special,100,50,10,The user recovers 3/4 the HP lost by the target
409,Drain Punch,Fighting,Physical,100,75,10,The user recovers 1/2 the HP lost by the target
138,Dream Eater,Psychic,Special,100,100,15,The target is unaffected by this move unless it is asleep. The user recovers 1/2 the HP lost by the target
65,Drill Peck,Flying,Physical,100,80,20,No additional effect.
529,Drill Run,Ground,Physical,95,80,10,Has a higher chance for a critical hit.
778,Drum Beating,Grass,Physical,100,80,10,Has a 100% chance to lower the target's Speed by 1 stage.
530,Dual Chop,Dragon,Physical,90,40,15,Hits twice. If the first hit breaks the target's substitute
814,Dual Wingbeat,Flying,Physical,90,40,10,Hits twice. If the first hit breaks the target's substitute
744,Dynamax Cannon,Dragon,Special,100,100,5,Damage doubles if the target is Dynamaxed.
223,Dynamic Punch,Fighting,Physical,50,100,5,Has a 100% chance to confuse the target.
414,Earth Power,Ground,Special,100,90,10,Has a 10% chance to lower the target's Special Defense by 1 stage.
89,Earthquake,Ground,Physical,100,100,10,Damage doubles if the target is using Dig.
497,Echoed Voice,Normal,Special,100,40,15,For every consecutive turn that this move is used by at least one Pokemon
598,Eerie Impulse,Electric,Status,100,0,15,Lowers the target's Special Attack by 2 stages.
826,Eerie Spell,Psychic,Special,100,80,5,If this move is successful and the user has not fainted
121,Egg Bomb,Normal,Physical,75,100,10,No additional effect.
604,Electric Terrain,Electric,Status,True,0,10,For 5 turns
582,Electrify,Electric,Status,True,0,20,Causes the target's move to become Electric type this turn. Among effects that can change a move's type
486,Electro Ball,Electric,Special,100,0,10,The power of this move depends on (user's current Speed / target's current Speed)
527,Electroweb,Electric,Special,95,55,15,Has a 100% chance to lower the target's Speed by 1 stage.
373,Embargo,Dark,Status,100,0,15,For 5 turns
52,Ember,Fire,Special,100,40,25,Has a 10% chance to burn the target.
227,Encore,Normal,Status,100,0,5,For its next 3 turns
283,Endeavor,Normal,Physical,100,0,5,Deals damage to the target equal to (target's current HP - user's current HP). The target is unaffected if its current HP is less than or equal to the user's current HP.
203,Endure,Normal,Status,True,0,10,The user will survive attacks made by other Pokemon during this turn with at least 1 HP. This move has a 1/X chance of being successful
412,Energy Ball,Grass,Special,100,90,10,Has a 10% chance to lower the target's Special Defense by 1 stage.
494,Entrainment,Normal,Status,100,0,15,Causes the target's Ability to become the same as the user's. Fails if the target's Ability is Battle Bond
284,Eruption,Fire,Special,100,150,5,Power is equal to (user's current HP * 150 / user's maximum HP)
795,Eternabeam,Dragon,Special,90,160,10,If this move is successful
797,Expanding Force,Psychic,Special,100,80,10,If the current terrain is Psychic Terrain and the user is grounded
153,Explosion,Normal,Physical,100,250,5,The user faints after using this move
326,Extrasensory,Psychic,Special,100,80,20,Has a 10% chance to flinch the target.
702,Extreme Evoboost,Normal,Status,True,0,1,Raises the user's Attack
245,Extreme Speed,Normal,Physical,100,80,5,No additional effect.
263,Facade,Normal,Physical,100,70,20,Power doubles if the user is burned
587,Fairy Lock,Fairy,Status,True,0,10,Prevents all active Pokemon from switching next turn. A Pokemon can still switch out if it is holding Shed Shell or uses Baton Pass
584,Fairy Wind,Fairy,Special,100,40,30,No additional effect.
252,Fake Out,Normal,Physical,100,40,10,Has a 100% chance to flinch the target. Fails unless it is the user's first turn on the field.
313,Fake Tears,Dark,Status,100,0,20,Lowers the target's Special Defense by 2 stages.
793,False Surrender,Dark,Physical,True,80,10,This move does not check accuracy.
206,False Swipe,Normal,Physical,100,40,40,Leaves the target with at least 1 HP.
297,Feather Dance,Flying,Status,100,0,15,Lowers the target's Attack by 2 stages.
364,Feint,Normal,Physical,100,30,10,If this move is successful
185,Feint Attack,Dark,Physical,True,60,20,This move does not check accuracy.
565,Fell Stinger,Bug,Physical,100,50,25,Raises the user's Attack by 3 stages if this move knocks out the target.
552,Fiery Dance,Fire,Special,100,80,10,Has a 50% chance to raise the user's Special Attack by 1 stage.
822,Fiery Wrath,Dark,Special,100,90,10,Has a 20% chance to flinch the target.
515,Final Gambit,Fighting,Special,100,0,5,Deals damage to the target equal to the user's current HP. If this move is successful
126,Fire Blast,Fire,Special,85,110,5,Has a 10% chance to burn the target.
424,Fire Fang,Fire,Physical,95,65,15,Has a 10% chance to burn the target and a 10% chance to flinch it.
680,Fire Lash,Fire,Physical,100,80,15,Has a 100% chance to lower the target's Defense by 1 stage.
519,Fire Pledge,Fire,Special,100,80,10,If one of the user's allies chose to use Grass Pledge or Water Pledge this turn and has not moved yet
7,Fire Punch,Fire,Physical,100,75,15,Has a 10% chance to burn the target.
83,Fire Spin,Fire,Special,85,35,15,Prevents the target from switching for four or five turns (seven turns if the user is holding Grip Claw). Causes damage to the target equal to 1/8 of its maximum HP (1/6 if the user is holding Binding Band)
660,First Impression,Bug,Physical,100,90,10,Fails unless it is the user's first turn on the field.
755,Fishious Rend,Water,Physical,100,85,10,Power doubles if the user moves before the target.
90,Fissure,Ground,Physical,30,0,5,Deals damage to the target equal to the target's maximum HP. Ignores accuracy and evasiveness modifiers. This attack's accuracy is equal to (user's level - target's level + 30)%
175,Flail,Normal,Physical,100,0,15,The power of this move is 20 if X is 33 to 48
481,Flame Burst,Fire,Special,100,70,15,If this move is successful
488,Flame Charge,Fire,Physical,100,50,20,Has a 100% chance to raise the user's Speed by 1 stage.
172,Flame Wheel,Fire,Physical,100,60,25,Has a 10% chance to burn the target.
53,Flamethrower,Fire,Special,100,90,15,Has a 10% chance to burn the target.
394,Flare Blitz,Fire,Physical,100,120,15,Has a 10% chance to burn the target. If the target lost HP
148,Flash,Normal,Status,100,0,20,Lowers the target's accuracy by 1 stage.
430,Flash Cannon,Steel,Special,100,80,10,Has a 10% chance to lower the target's Special Defense by 1 stage.
260,Flatter,Dark,Status,100,0,15,Raises the target's Special Attack by 1 stage and confuses it.
705,Fleur Cannon,Fairy,Special,90,130,5,Lowers the user's Special Attack by 2 stages.
374,Fling,Dark,Physical,100,0,10,The power of this move is based on the user's held item. The held item is lost and it activates for the target if applicable. If there is no target or the target avoids this move by protecting itself
812,Flip Turn,Water,Physical,100,60,20,If this move is successful and the user has not fainted
731,Floaty Fall,Flying,Physical,95,90,15,Has a 30% chance to flinch the target.
666,Floral Healing,Fairy,Status,True,0,10,The target restores 1/2 of its maximum HP
579,Flower Shield,Fairy,Status,True,0,10,Raises the Defense of all active Grass-type Pokemon by 1 stage. Fails if there are no active Grass-type Pokemon.
19,Fly,Flying,Physical,95,90,15,This attack charges on the first turn and executes on the second. On the first turn
560,Flying Press,Fighting,Physical,95,100,10,This move combines Flying in its type effectiveness against the target. Damage doubles and no accuracy check is done if the target has used Minimize while active.
411,Focus Blast,Fighting,Special,70,120,5,Has a 10% chance to lower the target's Special Defense by 1 stage.
116,Focus Energy,Normal,Status,True,0,30,Raises the user's chance for a critical hit by 2 stages. Fails if the user already has the effect. Baton Pass can be used to transfer this effect to an ally.
264,Focus Punch,Fighting,Physical,100,150,20,The user loses its focus and does nothing if it is hit by a damaging attack this turn before it can execute the move.
266,Follow Me,Normal,Status,True,0,20,Until the end of the turn
395,Force Palm,Fighting,Physical,100,60,10,Has a 30% chance to paralyze the target.
193,Foresight,Normal,Status,True,0,40,As long as the target remains active
571,Forest's Curse,Grass,Status,100,0,20,Causes the Grass type to be added to the target
492,Foul Play,Dark,Physical,100,95,15,Damage is calculated using the target's Attack stat
573,Freeze-Dry,Ice,Special,100,70,20,Has a 10% chance to freeze the target. This move's type effectiveness against Water is changed to be super effective no matter what this move's type is.
553,Freeze Shock,Ice,Physical,90,140,5,Has a 30% chance to paralyze the target. This attack charges on the first turn and executes on the second. If the user is holding a Power Herb
821,Freezing Glare,Psychic,Special,100,90,10,Has a 10% chance to freeze the target.
739,Freezy Frost,Ice,Special,90,100,10,Resets the stat stages of all active Pokemon to 0.
338,Frenzy Plant,Grass,Special,90,150,5,If this move is successful
524,Frost Breath,Ice,Special,90,60,10,This move is always a critical hit unless the target is under the effect of Lucky Chant or has the Battle Armor or Shell Armor Abilities.
218,Frustration,Normal,Physical,100,0,20,Power is equal to the greater of ((255 - user's Happiness) * 2/5)
31,Fury Attack,Normal,Physical,85,15,20,Hits two to five times. Has a 1/3 chance to hit two or three times
210,Fury Cutter,Bug,Physical,95,40,20,Power doubles with each successful hit
154,Fury Swipes,Normal,Physical,80,18,15,Hits two to five times. Has a 1/3 chance to hit two or three times
559,Fusion Bolt,Electric,Physical,100,100,5,Power doubles if the last move used by any Pokemon this turn was Fusion Flare.
558,Fusion Flare,Fire,Special,100,100,5,Power doubles if the last move used by any Pokemon this turn was Fusion Bolt.
248,Future Sight,Psychic,Special,100,120,10,Deals damage two turns after this move is used. At the end of that turn
380,Gastro Acid,Poison,Status,100,0,10,Causes the target's Ability to be rendered ineffective as long as it remains active. If the target uses Baton Pass
544,Gear Grind,Steel,Physical,85,50,15,Hits twice. If the first hit breaks the target's substitute
674,Gear Up,Steel,Status,True,0,20,Raises the Attack and Special Attack of Pokemon on the user's side with the Plus or Minus Abilities by 1 stage.
703,Genesis Supernova,Psychic,Special,True,185,1,If this move is successful
601,Geomancy,Fairy,Status,True,0,10,Raises the user's Special Attack
202,Giga Drain,Grass,Special,100,75,10,The user recovers 1/2 the HP lost by the target
416,Giga Impact,Normal,Physical,90,150,5,If this move is successful
646,Gigavolt Havoc,Electric,Physical,True,1,1,Power is equal to the base move's Z-Power.
824,Glacial Lance,Ice,Physical,100,130,5,No additional effect.
549,Glaciate,Ice,Special,95,65,10,Has a 100% chance to lower the target's Speed by 1 stage.
137,Glare,Normal,Status,100,0,30,Paralyzes the target.
736,Glitzy Glow,Psychic,Special,95,80,15,This move summons Light Screen for 5 turns upon use.
1000,G-Max Befuddle,Bug,Physical,True,10,5,Power is equal to the base move's Max Move power. If this move is successful
1000,G-Max Cannonade,Water,Physical,True,10,10,Power is equal to the base move's Max Move power. If this move is successful
1000,G-Max Centiferno,Fire,Physical,True,10,5,Power is equal to the base move's Max Move power. If this move is successful
1000,G-Max Chi Strike,Fighting,Physical,True,10,5,Power is equal to the base move's Max Move power. If this move is successful
1000,G-Max Cuddle,Normal,Physical,True,10,5,Power is equal to the base move's Max Move power. If this move is successful
1000,G-Max Depletion,Dragon,Physical,True,10,5,Power is equal to the base move's Max Move power. If this move is successful
1000,G-Max Drum Solo,Grass,Physical,True,160,5,This move will always have 160 Base Power
1000,G-Max Finale,Fairy,Physical,True,10,5,Power is equal to the base move's Max Move power. If this move is successful
1000,G-Max Fireball,Fire,Physical,True,160,5,This move will always have 160 Base Power
1000,G-Max Foam Burst,Water,Physical,True,10,5,Power is equal to the base move's Max Move power. If this move is successful
1000,G-Max Gold Rush,Normal,Physical,True,10,5,Power is equal to the base move's Max Move power. If this move is successful
1000,G-Max Gravitas,Psychic,Physical,True,10,5,Power is equal to the base move's Max Move power. If this move is successful
1000,G-Max Hydrosnipe,Water,Physical,True,160,5,This move will always have 160 Base Power
1000,G-Max Malodor,Poison,Physical,True,10,5,Power is equal to the base move's Max Move power. If this move is successful
1000,G-Max Meltdown,Steel,Physical,True,10,5,Power is equal to the base move's Max Move power. If this move is successful
1000,G-Max One Blow,Dark,Physical,True,10,5,Power is equal to the base move's Max Move power. If this move is successful and any Pokemon on the opposing side is using Baneful Bunker
1000,G-Max Rapid Flow,Water,Physical,True,10,5,Power is equal to the base move's Max Move power. If this move is successful and any Pokemon on the opposing side is using Baneful Bunker
1000,G-Max Replenish,Normal,Physical,True,10,5,Power is equal to the base move's Max Move power. If this move is successful
1000,G-Max Resonance,Ice,Physical,True,10,5,Power is equal to the base move's Max Move power. If this move is successful
1000,G-Max Sandblast,Ground,Physical,True,10,5,Power is equal to the base move's Max Move power. If this move is successful
1000,G-Max Smite,Fairy,Physical,True,10,5,Power is equal to the base move's Max Move power. If this move is successful
1000,G-Max Snooze,Dark,Physical,True,10,5,Power is equal to the base move's Max Move power. If this move is successful
1000,G-Max Steelsurge,Steel,Physical,True,10,5,Power is equal to the base move's Max Move power. If this move is successful
1000,G-Max Stonesurge,Water,Physical,True,10,5,Power is equal to the base move's Max Move power. If this move is successful
1000,G-Max Stun Shock,Electric,Physical,True,10,10,Power is equal to the base move's Max Move power. If this move is successful
1000,G-Max Sweetness,Grass,Physical,True,10,10,Power is equal to the base move's Max Move power. If this move is successful
1000,G-Max Tartness,Grass,Physical,True,10,10,Power is equal to the base move's Max Move power. If this move is successful
1000,G-Max Terror,Ghost,Physical,True,10,10,Power is equal to the base move's Max Move power. If this move is successful
1000,G-Max Vine Lash,Grass,Physical,True,10,10,Power is equal to the base move's Max Move power. If this move is successful
1000,G-Max Volcalith,Rock,Physical,True,10,10,Power is equal to the base move's Max Move power. If this move is successful
1000,G-Max Volt Crash,Electric,Physical,True,10,10,Power is equal to the base move's Max Move power. If this move is successful
1000,G-Max Wildfire,Fire,Physical,True,10,10,Power is equal to the base move's Max Move power. If this move is successful
1000,G-Max Wind Rage,Flying,Physical,True,10,10,Power is equal to the base move's Max Move power. If this move is successful
447,Grass Knot,Grass,Special,100,0,20,This move's power is 20 if the target weighs less than 10 kg
520,Grass Pledge,Grass,Special,100,80,10,If one of the user's allies chose to use Fire Pledge or Water Pledge this turn and has not moved yet
320,Grass Whistle,Grass,Status,55,0,15,Causes the target to fall asleep.
803,Grassy Glide,Grass,Physical,100,70,20,If the current terrain is Grassy Terrain and the user is grounded
580,Grassy Terrain,Grass,Status,True,0,10,For 5 turns
788,Grav Apple,Grass,Physical,100,80,10,Has a 100% chance to lower the target's Defense by 1 stage. Power is multiplied by 1.5 during Gravity's effect.
356,Gravity,Psychic,Status,True,0,5,For 5 turns
45,Growl,Normal,Status,100,0,40,Lowers the target's Attack by 1 stage.
74,Growth,Normal,Status,True,0,20,Raises the user's Attack and Special Attack by 1 stage. If the weather is Sunny Day or Desolate Land
288,Grudge,Ghost,Status,True,0,5,Until the user's next turn
698,Guardian of Alola,Fairy,Special,True,0,1,Deals damage to the target equal to 3/4 of its current HP
470,Guard Split,Psychic,Status,True,0,10,The user and the target have their Defense and Special Defense stats set to be equal to the average of the user and the target's Defense and Special Defense stats
385,Guard Swap,Psychic,Status,True,0,10,The user swaps its Defense and Special Defense stat stage changes with the target.
12,Guillotine,Normal,Physical,30,0,5,Deals damage to the target equal to the target's maximum HP. Ignores accuracy and evasiveness modifiers. This attack's accuracy is equal to (user's level - target's level + 30)%
441,Gunk Shot,Poison,Physical,80,120,5,Has a 30% chance to poison the target.
16,Gust,Flying,Special,100,40,35,Power doubles if the target is using Bounce
360,Gyro Ball,Steel,Physical,100,0,5,Power is equal to (25 * target's current Speed / user's current Speed) + 1
258,Hail,Ice,Status,True,0,10,For 5 turns
359,Hammer Arm,Fighting,Physical,90,100,10,Lowers the user's Speed by 1 stage.
603,Happy Hour,Normal,Status,True,0,30,No competitive use.
106,Harden,Normal,Status,True,0,30,Raises the user's Defense by 1 stage.
114,Haze,Ice,Status,True,0,30,Resets the stat stages of all active Pokemon to 0.
29,Headbutt,Normal,Physical,100,70,15,Has a 30% chance to flinch the target.
543,Head Charge,Normal,Physical,100,120,15,If the target lost HP
457,Head Smash,Rock,Physical,80,150,5,If the target lost HP
215,Heal Bell,Normal,Status,True,0,5,Every Pokemon in the user's party is cured of its major status condition. Active Pokemon with the Soundproof Ability are not cured
377,Heal Block,Psychic,Status,100,0,15,For 5 turns
361,Healing Wish,Psychic,Status,True,0,10,The user faints and the next injured or statused Pokemon brought in has its HP fully restored along with having any major status condition cured. The healing happens before hazards take effect. Is not consumed if the Pokemon sent out is not injured or statused. Fails if the user is the last unfainted Pokemon in its party.
456,Heal Order,Bug,Status,True,0,10,The user restores 1/2 of its maximum HP
505,Heal Pulse,Psychic,Status,True,0,10,The target restores 1/2 of its maximum HP
531,Heart Stamp,Psychic,Physical,100,60,25,Has a 30% chance to flinch the target.
391,Heart Swap,Psychic,Status,True,0,10,The user swaps all its stat stage changes with the target.
535,Heat Crash,Fire,Physical,100,0,10,The power of this move depends on (user's weight / target's weight)
257,Heat Wave,Fire,Special,90,95,10,Has a 10% chance to burn the target.
484,Heavy Slam,Steel,Physical,100,0,10,The power of this move depends on (user's weight / target's weight)
270,Helping Hand,Normal,Status,True,0,20,The power of the target's attack this turn is multiplied by 1.5 (this effect is stackable). Fails if there is no ally adjacent to the user or if the ally already moved this turn
506,Hex,Ghost,Special,100,65,10,Power doubles if the target has a major status condition.
237,Hidden Power,Normal,Special,100,60,15,This move's type depends on the user's individual values (IVs)
237,Hidden Power Bug,Bug,Special,100,60,15,No additional effect.
136,High Jump Kick,Fighting,Physical,90,130,10,If this attack is not successful
610,Hold Back,Normal,Physical,100,40,40,Leaves the target with at least 1 HP.
607,Hold Hands,Normal,Status,True,0,40,No competitive use. Fails if there is no ally adjacent to the user.
468,Hone Claws,Dark,Status,True,0,15,Raises the user's Attack and accuracy by 1 stage.
30,Horn Attack,Normal,Physical,100,65,25,No additional effect.
32,Horn Drill,Normal,Physical,30,0,5,Deals damage to the target equal to the target's maximum HP. Ignores accuracy and evasiveness modifiers. This attack's accuracy is equal to (user's level - target's level + 30)%
532,Horn Leech,Grass,Physical,100,75,10,The user recovers 1/2 the HP lost by the target
336,Howl,Normal,Status,True,0,40,Raises the Attack of the user and all allies 1 stage.
542,Hurricane,Flying,Special,70,110,10,Has a 30% chance to confuse the target. This move can hit a target using Bounce
308,Hydro Cannon,Water,Special,90,150,5,If this move is successful
56,Hydro Pump,Water,Special,80,110,5,No additional effect.
642,Hydro Vortex,Water,Physical,True,1,1,Power is equal to the base move's Z-Power.
63,Hyper Beam,Normal,Special,90,150,5,If this move is successful
158,Hyper Fang,Normal,Physical,90,80,15,Has a 10% chance to flinch the target.
621,Hyperspace Fury,Dark,Physical,True,100,5,Lowers the user's Defense by 1 stage. This move cannot be used successfully unless the user's current form
593,Hyperspace Hole,Psychic,Special,True,80,5,If this move is successful
304,Hyper Voice,Normal,Special,100,90,10,No additional effect.
95,Hypnosis,Psychic,Status,60,0,20,Causes the target to fall asleep.
301,Ice Ball,Ice,Physical,90,30,20,If this move is successful
58,Ice Beam,Ice,Special,100,90,10,Has a 10% chance to freeze the target.
554,Ice Burn,Ice,Special,90,140,5,Has a 30% chance to burn the target. This attack charges on the first turn and executes on the second. If the user is holding a Power Herb
423,Ice Fang,Ice,Physical,95,65,15,Has a 10% chance to freeze the target and a 10% chance to flinch it.
665,Ice Hammer,Ice,Physical,90,100,10,Lowers the user's Speed by 1 stage.
8,Ice Punch,Ice,Physical,100,75,15,Has a 10% chance to freeze the target.
420,Ice Shard,Ice,Physical,100,40,30,No additional effect.
556,Icicle Crash,Ice,Physical,90,85,10,Has a 30% chance to flinch the target.
333,Icicle Spear,Ice,Physical,100,25,30,Hits two to five times. Has a 1/3 chance to hit two or three times
196,Icy Wind,Ice,Special,95,55,15,Has a 100% chance to lower the target's Speed by 1 stage.
286,Imprison,Psychic,Status,True,0,10,The user prevents all opposing Pokemon from using any moves that the user also knows as long as the user remains active.
510,Incinerate,Fire,Special,100,60,15,The target loses its held item if it is a Berry or a Gem. This move cannot cause Pokemon with the Sticky Hold Ability to lose their held item. Items lost to this move cannot be regained with Recycle or the Harvest Ability.
517,Inferno,Fire,Special,50,100,5,Has a 100% chance to burn the target.
640,Inferno Overdrive,Fire,Physical,True,1,1,Power is equal to the base move's Z-Power.
611,Infestation,Bug,Special,100,20,20,Prevents the target from switching for four or five turns (seven turns if the user is holding Grip Claw). Causes damage to the target equal to 1/8 of its maximum HP (1/6 if the user is holding Binding Band)
275,Ingrain,Grass,Status,True,0,20,The user has 1/16 of its maximum HP restored at the end of each turn
689,Instruct,Psychic,Status,True,0,15,The target immediately uses its last used move. Fails if the target has not made a move
569,Ion Deluge,Electric,Status,True,0,25,Causes Normal-type moves to become Electric type this turn. The effect happens after other effects that change a move's type.
334,Iron Defense,Steel,Status,True,0,15,Raises the user's Defense by 2 stages.
442,Iron Head,Steel,Physical,100,80,15,Has a 30% chance to flinch the target.
231,Iron Tail,Steel,Physical,75,100,15,Has a 30% chance to lower the target's Defense by 1 stage.
746,Jaw Lock,Dark,Physical,100,80,15,Prevents the user and the target from switching out. The user and the target can still switch out if either of them is holding Shed Shell or uses Baton Pass
449,Judgment,Normal,Special,100,100,10,This move's type depends on the user's held Plate.
26,Jump Kick,Fighting,Physical,95,100,10,If this attack is not successful
816,Jungle Healing,Grass,Status,True,0,10,Each Pokemon on the user's side restores 1/4 of its maximum HP
2,Karate Chop,Fighting,Physical,100,50,25,Has a higher chance for a critical hit.
134,Kinesis,Psychic,Status,80,0,15,Lowers the target's accuracy by 1 stage.
588,King's Shield,Steel,Status,True,0,10,The user is protected from most attacks made by other Pokemon during this turn
282,Knock Off,Dark,Physical,100,65,20,If the target is holding an item that can be removed from it
616,Land's Wrath,Ground,Physical,100,90,10,No additional effect.
673,Laser Focus,Normal,Status,True,0,30,Until the end of the next turn
808,Lash Out,Dark,Physical,100,75,5,Power doubles if the user had a stat stage lowered this turn.
387,Last Resort,Normal,Physical,100,140,5,This move fails unless the user knows this move and at least one other move
436,Lava Plume,Fire,Special,100,80,15,Has a 30% chance to burn the target.
670,Leafage,Grass,Physical,100,40,40,No additional effect.
348,Leaf Blade,Grass,Physical,100,90,15,Has a higher chance for a critical hit.
437,Leaf Storm,Grass,Special,90,130,5,Lowers the user's Special Attack by 2 stages.
536,Leaf Tornado,Grass,Special,90,65,10,Has a 50% chance to lower the target's accuracy by 1 stage.
141,Leech Life,Bug,Physical,100,80,10,The user recovers 1/2 the HP lost by the target
73,Leech Seed,Grass,Status,90,0,10,The Pokemon at the user's position steals 1/8 of the target's maximum HP
43,Leer,Normal,Status,100,0,30,Lowers the target's Defense by 1 stage.
726,Let's Snuggle Forever,Fairy,Physical,True,190,1,No additional effect.
122,Lick,Ghost,Physical,100,30,30,Has a 30% chance to paralyze the target.
791,Life Dew,Water,Status,True,0,10,Each Pokemon on the user's side restores 1/4 of its maximum HP
617,Light of Ruin,Fairy,Special,90,140,5,If the target lost HP
113,Light Screen,Psychic,Status,True,0,30,For 5 turns
723,Light That Burns the Sky,Psychic,Special,True,200,1,This move becomes a physical attack if the user's Attack is greater than its Special Attack
710,Liquidation,Water,Physical,100,85,10,Has a 20% chance to lower the target's Defense by 1 stage.
199,Lock-On,Normal,Status,True,0,5,Until the end of the next turn
142,Lovely Kiss,Normal,Status,75,0,10,Causes the target to fall asleep.
67,Low Kick,Fighting,Physical,100,0,20,This move's power is 20 if the target weighs less than 10 kg
490,Low Sweep,Fighting,Physical,100,65,20,Has a 100% chance to lower the target's Speed by 1 stage.
381,Lucky Chant,Normal,Status,True,0,30,For 5 turns
461,Lunar Dance,Psychic,Status,True,0,10,The user faints and the Pokemon brought out to replace it has its HP and PP fully restored along with having any major status condition cured. The new Pokemon is sent out at the end of the turn
679,Lunge,Bug,Physical,100,80,15,Has a 100% chance to lower the target's Attack by 1 stage.
295,Luster Purge,Psychic,Special,100,70,5,Has a 50% chance to lower the target's Special Defense by 1 stage.
183,Mach Punch,Fighting,Physical,100,40,30,No additional effect.
345,Magical Leaf,Grass,Special,True,60,20,This move does not check accuracy.
277,Magic Coat,Psychic,Status,True,0,15,Until the end of the turn
750,Magic Powder,Psychic,Status,100,0,20,Causes the target to become a Psychic type. Fails if the target is an Arceus or a Silvally
478,Magic Room,Psychic,Status,True,0,10,For 5 turns
463,Magma Storm,Fire,Special,75,100,5,Prevents the target from switching for four or five turns (seven turns if the user is holding Grip Claw). Causes damage to the target equal to 1/8 of its maximum HP (1/6 if the user is holding Binding Band)
443,Magnet Bomb,Steel,Physical,True,60,20,This move does not check accuracy.
602,Magnetic Flux,Electric,Status,True,0,20,Raises the Defense and Special Defense of Pokemon on the user's side with the Plus or Minus Abilities by 1 stage.
393,Magnet Rise,Electric,Status,True,0,10,For 5 turns
222,Magnitude,Ground,Physical,100,0,30,The power of this move varies; 5% chances for 10 and 150 power
696,Malicious Moonsault,Dark,Physical,True,180,1,Damage doubles and no accuracy check is done if the target has used Minimize while active.
561,Mat Block,Fighting,Status,True,0,10,The user and its party members are protected from damaging attacks made by other Pokemon
766,Max Airstream,Flying,Physical,True,10,5,Power is equal to the base move's Max Move power. If this move is successful
772,Max Darkness,Dark,Physical,True,10,5,Power is equal to the base move's Max Move power. If this move is successful
757,Max Flare,Fire,Physical,True,100,5,Power is equal to the base move's Max Move power. If this move is successful
758,Max Flutterby,Bug,Physical,True,10,5,Power is equal to the base move's Max Move power. If this move is successful
765,Max Geyser,Water,Physical,True,10,5,Power is equal to the base move's Max Move power. If this move is successful
743,Max Guard,Normal,Status,True,0,5,The user is protected from nearly all attacks made by other Pokemon during this turn
763,Max Hailstorm,Ice,Physical,True,10,5,Power is equal to the base move's Max Move power. If this move is successful
761,Max Knuckle,Fighting,Physical,True,10,5,Boosts the user and its allies' Attack by 1 stage. BP scales with the base move's BP.
759,Max Lightning,Electric,Physical,True,10,5,Power is equal to the base move's Max Move power. If this move is successful
769,Max Mindstorm,Psychic,Physical,True,10,5,Power is equal to the base move's Max Move power. If this move is successful
764,Max Ooze,Poison,Physical,True,10,5,Power is equal to the base move's Max Move power. If this move is successful
773,Max Overgrowth,Grass,Physical,True,10,5,Power is equal to the base move's Max Move power. If this move is successful
762,Max Phantasm,Ghost,Physical,True,10,5,Power is equal to the base move's Max Move power. If this move is successful
771,Max Quake,Ground,Physical,True,10,5,Power is equal to the base move's Max Move power. If this move is successful
770,Max Rockfall,Rock,Physical,True,10,5,Power is equal to the base move's Max Move power. If this move is successful
767,Max Starfall,Fairy,Physical,True,10,5,Power is equal to the base move's Max Move power. If this move is successful
774,Max Steelspike,Steel,Physical,True,10,5,Power is equal to the base move's Max Move power. If this move is successful
760,Max Strike,Normal,Physical,True,10,5,Power is equal to the base move's Max Move power. If this move is successful
768,Max Wyrmwind,Dragon,Physical,True,10,5,Power is equal to the base move's Max Move power. If this move is successful
212,Mean Look,Normal,Status,True,0,5,Prevents the target from switching out. The target can still switch out if it is holding Shed Shell or uses Baton Pass
96,Meditate,Psychic,Status,True,0,40,Raises the user's Attack by 1 stage.
382,Me First,Normal,Status,True,0,20,The user uses the move the target chose for use this turn against it
72,Mega Drain,Grass,Special,100,40,15,The user recovers 1/2 the HP lost by the target
224,Megahorn,Bug,Physical,85,120,10,No additional effect.
25,Mega Kick,Normal,Physical,75,120,5,No additional effect.
5,Mega Punch,Normal,Physical,85,80,20,No additional effect.
262,Memento,Dark,Status,100,0,10,Lowers the target's Attack and Special Attack by 2 stages. The user faints unless this move misses or there is no target. Fails entirely if this move hits a substitute
725,Menacing Moonraze Maelstrom,Ghost,Special,True,200,1,This move and its effects ignore the Abilities of other Pokemon.
368,Metal Burst,Steel,Physical,100,0,10,Deals damage to the last opposing Pokemon to hit the user with an attack this turn equal to 1.5 times the HP lost by the user from that attack
232,Metal Claw,Steel,Physical,95,50,35,Has a 10% chance to raise the user's Attack by 1 stage.
319,Metal Sound,Steel,Status,85,0,40,Lowers the target's Special Defense by 2 stages.
794,Meteor Assault,Fighting,Physical,100,150,5,If this move is successful
800,Meteor Beam,Rock,Special,90,120,10,This attack charges on the first turn and executes on the second. Raises the user's Special Attack by 1 stage on the first turn. If the user is holding a Power Herb
309,Meteor Mash,Steel,Physical,90,90,10,Has a 20% chance to raise the user's Attack by 1 stage.
118,Metronome,Normal,Status,True,0,10,A random move is selected for use
208,Milk Drink,Normal,Status,True,0,10,The user restores 1/2 of its maximum HP
102,Mimic,Normal,Status,True,0,10,While the user remains active
720,Mind Blown,Fire,Special,100,150,5,Whether or not this move is successful and even if it would cause fainting
170,Mind Reader,Normal,Status,True,0,5,Until the end of the next turn
107,Minimize,Normal,Status,True,0,10,Raises the user's evasiveness by 2 stages. Whether or not the user's evasiveness was changed
357,Miracle Eye,Psychic,Status,True,0,40,As long as the target remains active
243,Mirror Coat,Psychic,Special,100,0,20,Deals damage to the last opposing Pokemon to hit the user with a special attack this turn equal to twice the HP lost by the user from that attack. If the user did not lose HP from the attack
119,Mirror Move,Flying,Status,True,0,20,The user uses the last move used by the target. The copied move is used against that target
429,Mirror Shot,Steel,Special,85,65,10,Has a 30% chance to lower the target's accuracy by 1 stage.
54,Mist,Ice,Status,True,0,30,For 5 turns
296,Mist Ball,Psychic,Special,100,70,5,Has a 50% chance to lower the target's Special Attack by 1 stage.
802,Misty Explosion,Fairy,Special,100,100,5,If the current terrain is Misty Terrain and the user is grounded
581,Misty Terrain,Fairy,Status,True,0,10,For 5 turns
585,Moonblast,Fairy,Special,100,95,15,Has a 30% chance to lower the target's Special Attack by 1 stage.
714,Moongeist Beam,Ghost,Special,100,100,5,This move and its effects ignore the Abilities of other Pokemon.
236,Moonlight,Fairy,Status,True,0,5,The user restores 1/2 of its maximum HP if Delta Stream or no weather conditions are in effect or if the user is holding Utility Umbrella
234,Morning Sun,Normal,Status,True,0,5,The user restores 1/2 of its maximum HP if Delta Stream or no weather conditions are in effect or if the user is holding Utility Umbrella
426,Mud Bomb,Ground,Special,85,65,10,Has a 30% chance to lower the target's accuracy by 1 stage.
341,Mud Shot,Ground,Special,95,55,15,Has a 100% chance to lower the target's Speed by 1 stage.
189,Mud-Slap,Ground,Special,100,20,10,Has a 100% chance to lower the target's accuracy by 1 stage.
300,Mud Sport,Ground,Status,True,0,15,For 5 turns
330,Muddy Water,Water,Special,85,90,10,Has a 30% chance to lower the target's accuracy by 1 stage.
718,Multi-Attack,Normal,Physical,100,120,10,This move's type depends on the user's held Memory.
595,Mystical Fire,Fire,Special,100,75,10,Has a 100% chance to lower the target's Special Attack by 1 stage.
417,Nasty Plot,Dark,Status,True,0,20,Raises the user's Special Attack by 2 stages.
363,Natural Gift,Normal,Physical,100,0,15,The type and power of this move depend on the user's held Berry
267,Nature Power,Normal,Status,True,0,20,This move calls another move for use based on the battle terrain. Tri Attack on the regular Wi-Fi terrain
717,Nature's Madness,Fairy,Special,90,0,10,Deals damage to the target equal to half of its current HP
302,Needle Arm,Grass,Physical,100,60,15,Has a 30% chance to flinch the target.
636,Never-Ending Nightmare,Ghost,Physical,True,1,1,Power is equal to the base move's Z-Power.
539,Night Daze,Dark,Special,95,85,10,Has a 40% chance to lower the target's accuracy by 1 stage.
171,Nightmare,Ghost,Status,100,0,15,Causes the target to lose 1/4 of its maximum HP
101,Night Shade,Ghost,Special,100,0,15,Deals damage to the target equal to the user's level.
400,Night Slash,Dark,Physical,100,70,15,Has a higher chance for a critical hit.
568,Noble Roar,Normal,Status,100,0,30,Lowers the target's Attack and Special Attack by 1 stage.
748,No Retreat,Fighting,Status,True,0,5,Raises the user's Attack
609,Nuzzle,Electric,Physical,100,20,20,Has a 100% chance to paralyze the target.
613,Oblivion Wing,Flying,Special,100,80,10,The user recovers 3/4 the HP lost by the target
792,Obstruct,Dark,Status,True,0,10,The user is protected from most attacks made by other Pokemon during this turn
697,Oceanic Operetta,Water,Special,True,195,1,No additional effect.
190,Octazooka,Water,Special,85,65,10,Has a 50% chance to lower the target's accuracy by 1 stage.
753,Octolock,Fighting,Status,100,0,15,Prevents the target from switching out. At the end of each turn during effect
316,Odor Sleuth,Normal,Status,True,0,40,As long as the target remains active
466,Ominous Wind,Ghost,Special,100,60,5,Has a 10% chance to raise the user's Attack
618,Origin Pulse,Water,Special,85,110,10,No additional effect.
200,Outrage,Dragon,Physical,100,120,10,The user spends two or three turns locked into this move and becomes confused immediately after its move on the last turn of the effect if it is not already. This move targets an opposing Pokemon at random on each turn. If the user is prevented from moving
786,Overdrive,Electric,Special,100,80,10,No additional effect.
315,Overheat,Fire,Special,90,130,5,Lowers the user's Special Attack by 2 stages.
220,Pain Split,Normal,Status,True,0,20,The user and the target's HP become the average of their current HP
570,Parabolic Charge,Electric,Special,100,65,20,The user recovers 1/2 the HP lost by the target
575,Parting Shot,Dark,Status,100,0,20,Lowers the target's Attack and Special Attack by 1 stage. If this move is successful
371,Payback,Dark,Physical,100,50,10,Power doubles if the user moves after the target this turn
6,Pay Day,Normal,Physical,100,40,20,No additional effect.
64,Peck,Flying,Physical,100,35,35,No additional effect.
195,Perish Song,Normal,Status,True,0,5,Each active Pokemon receives a perish count of 4 if it doesn't already have a perish count. At the end of each turn including the turn used
572,Petal Blizzard,Grass,Physical,100,90,15,No additional effect.
80,Petal Dance,Grass,Special,100,120,10,The user spends two or three turns locked into this move and becomes confused immediately after its move on the last turn of the effect if it is not already. This move targets an opposing Pokemon at random on each turn. If the user is prevented from moving
566,Phantom Force,Ghost,Physical,100,90,10,If this move is successful
722,Photon Geyser,Psychic,Special,100,100,5,This move becomes a physical attack if the user's Attack is greater than its Special Attack
732,Pika Papow,Electric,Special,True,0,20,Power is equal to the greater of (user's Happiness * 2/5)
42,Pin Missile,Bug,Physical,95,25,20,Hits two to five times. Has a 1/3 chance to hit two or three times
721,Plasma Fists,Electric,Physical,100,100,15,If this move is successful
589,Play Nice,Normal,Status,True,0,20,Lowers the target's Attack by 1 stage.
583,Play Rough,Fairy,Physical,90,90,10,Has a 10% chance to lower the target's Attack by 1 stage.
365,Pluck,Flying,Physical,100,60,20,If this move is successful and the user has not fainted
305,Poison Fang,Poison,Physical,100,50,15,Has a 50% chance to badly poison the target.
139,Poison Gas,Poison,Status,90,0,40,Poisons the target.
398,Poison Jab,Poison,Physical,100,80,20,Has a 30% chance to poison the target.
77,Poison Powder,Poison,Status,75,0,35,Poisons the target.
40,Poison Sting,Poison,Physical,100,15,35,Has a 30% chance to poison the target.
342,Poison Tail,Poison,Physical,100,50,25,Has a 10% chance to poison the target and a higher chance for a critical hit.
676,Pollen Puff,Bug,Special,100,90,15,If the target is an ally
809,Poltergeist,Ghost,Physical,90,110,5,Fails if the target has no held item.
1,Pound,Normal,Physical,100,40,35,No additional effect.
600,Powder,Bug,Status,100,0,20,If the target uses a Fire-type move this turn
181,Powder Snow,Ice,Special,100,40,25,Has a 10% chance to freeze the target.
408,Power Gem,Rock,Special,100,80,20,No additional effect.
471,Power Split,Psychic,Status,True,0,10,The user and the target have their Attack and Special Attack stats set to be equal to the average of the user and the target's Attack and Special Attack stats
384,Power Swap,Psychic,Status,True,0,10,The user swaps its Attack and Special Attack stat stage changes with the target.
379,Power Trick,Psychic,Status,True,0,10,The user swaps its Attack and Defense stats
681,Power Trip,Dark,Physical,100,20,10,Power is equal to 20+(X*20)
612,Power-Up Punch,Fighting,Physical,100,40,20,Has a 100% chance to raise the user's Attack by 1 stage.
438,Power Whip,Grass,Physical,85,120,10,No additional effect.
619,Precipice Blades,Ground,Physical,85,120,10,No additional effect.
217,Present,Normal,Physical,90,0,15,If this move is successful
711,Prismatic Laser,Psychic,Special,100,160,10,If this move is successful
182,Protect,Normal,Status,True,0,10,The user is protected from most attacks made by other Pokemon during this turn. This move has a 1/X chance of being successful
60,Psybeam,Psychic,Special,100,65,20,Has a 10% chance to confuse the target.
244,Psych Up,Normal,Status,True,0,10,The user copies all of the target's current stat stage changes.
94,Psychic,Psychic,Special,100,90,10,Has a 10% chance to lower the target's Special Defense by 1 stage.
706,Psychic Fangs,Psychic,Physical,100,85,10,If this attack does not miss
678,Psychic Terrain,Psychic,Status,True,0,10,For 5 turns
354,Psycho Boost,Psychic,Special,90,140,5,Lowers the user's Special Attack by 2 stages.
427,Psycho Cut,Psychic,Physical,100,70,20,Has a higher chance for a critical hit.
375,Psycho Shift,Psychic,Status,100,0,10,The user's major status condition is transferred to the target
473,Psyshock,Psychic,Special,100,80,10,Deals damage to the target based on its Defense instead of Special Defense.
540,Psystrike,Psychic,Special,100,100,10,Deals damage to the target based on its Defense instead of Special Defense.
149,Psywave,Psychic,Special,100,0,15,Deals damage to the target equal to (user's level) * (X + 50) / 100
701,Pulverizing Pancake,Normal,Physical,True,210,1,No additional effect.
386,Punishment,Dark,Physical,100,0,5,Power is equal to 60+(X*20)
685,Purify,Poison,Status,True,0,20,The target is cured if it has a major status condition. If the target was cured
228,Pursuit,Dark,Physical,100,40,20,If an opposing Pokemon switches out this turn
780,Pyro Ball,Fire,Physical,90,120,5,Has a 10% chance to burn the target.
511,Quash,Dark,Status,100,0,15,Causes the target to take its turn after all other Pokemon this turn
98,Quick Attack,Normal,Physical,100,40,30,No additional effect.
501,Quick Guard,Fighting,Status,True,0,15,The user and its party members are protected from attacks with original or altered priority greater than 0 made by other Pokemon
483,Quiver Dance,Bug,Status,True,0,20,Raises the user's Special Attack
99,Rage,Normal,Physical,100,20,20,Once this move is successfully used
476,Rage Powder,Bug,Status,True,0,20,Until the end of the turn
240,Rain Dance,Water,Status,True,0,5,For 5 turns
229,Rapid Spin,Normal,Physical,100,50,40,If this move is successful and the user has not fainted
75,Razor Leaf,Grass,Physical,95,55,25,Has a higher chance for a critical hit.
534,Razor Shell,Water,Physical,95,75,10,Has a 50% chance to lower the target's Defense by 1 stage.
13,Razor Wind,Normal,Special,100,80,10,Has a higher chance for a critical hit. This attack charges on the first turn and executes on the second. If the user is holding a Power Herb
105,Recover,Normal,Status,True,0,10,The user restores 1/2 of its maximum HP
278,Recycle,Normal,Status,True,0,10,The user regains the item it last used. Fails if the user is holding an item
115,Reflect,Psychic,Status,True,0,20,For 5 turns
513,Reflect Type,Normal,Status,True,0,15,Causes the user's types to become the same as the current types of the target. If the target's current types include typeless and a non-added type
287,Refresh,Normal,Status,True,0,20,The user cures its burn
547,Relic Song,Normal,Special,100,75,10,Has a 10% chance to cause the target to fall asleep. If this move is successful on at least one target and the user is a Meloetta
156,Rest,Psychic,Status,True,0,10,The user falls asleep for the next two turns and restores all of its HP
514,Retaliate,Normal,Physical,100,70,5,Power doubles if one of the user's party members fainted last turn.
216,Return,Normal,Physical,100,0,20,Power is equal to the greater of (user's Happiness * 2/5)
686,Revelation Dance,Normal,Special,100,90,15,This move's type depends on the user's primary type. If the user's primary type is typeless
279,Revenge,Fighting,Physical,100,60,10,Power doubles if the user was hit by the target this turn.
179,Reversal,Fighting,Physical,100,0,15,The power of this move is 20 if X is 33 to 48
804,Rising Voltage,Electric,Special,100,70,20,If the current terrain is Electric Terrain and the target is grounded
46,Roar,Normal,Status,True,0,20,The target is forced to switch out and be replaced with a random unfainted ally. Fails if the target is the last unfainted Pokemon in its party
459,Roar of Time,Dragon,Special,90,150,5,If this move is successful
350,Rock Blast,Rock,Physical,90,25,10,Hits two to five times. Has a 1/3 chance to hit two or three times
431,Rock Climb,Normal,Physical,85,90,20,Has a 20% chance to confuse the target.
397,Rock Polish,Rock,Status,True,0,20,Raises the user's Speed by 2 stages.
157,Rock Slide,Rock,Physical,90,75,10,Has a 30% chance to flinch the target.
249,Rock Smash,Fighting,Physical,100,40,15,Has a 50% chance to lower the target's Defense by 1 stage.
88,Rock Throw,Rock,Physical,90,50,15,No additional effect.
317,Rock Tomb,Rock,Physical,95,60,15,Has a 100% chance to lower the target's Speed by 1 stage.
439,Rock Wrecker,Rock,Physical,90,150,5,If this move is successful
272,Role Play,Psychic,Status,True,0,10,The user's Ability changes to match the target's Ability. Fails if the user's Ability is Battle Bond
27,Rolling Kick,Fighting,Physical,85,60,15,Has a 30% chance to flinch the target.
205,Rollout,Rock,Physical,90,30,20,If this move is successful
355,Roost,Flying,Status,True,0,10,The user restores 1/2 of its maximum HP
563,Rototiller,Ground,Status,True,0,10,Raises the Attack and Special Attack of all grounded Grass-type Pokemon on the field by 1 stage.
496,Round,Normal,Special,100,60,15,If there are other active Pokemon that chose this move for use this turn
221,Sacred Fire,Fire,Physical,95,100,5,Has a 50% chance to burn the target.
533,Sacred Sword,Fighting,Physical,100,90,15,Ignores the target's stat stage changes
219,Safeguard,Normal,Status,True,0,25,For 5 turns
28,Sand Attack,Ground,Status,100,0,15,Lowers the target's accuracy by 1 stage.
201,Sandstorm,Rock,Status,True,0,10,For 5 turns
328,Sand Tomb,Ground,Physical,85,35,15,Prevents the target from switching for four or five turns (seven turns if the user is holding Grip Claw). Causes damage to the target equal to 1/8 of its maximum HP (1/6 if the user is holding Binding Band)
738,Sappy Seed,Grass,Physical,90,100,10,This move summons Leech Seed on the foe.
634,Savage Spin-Out,Bug,Physical,True,1,1,Power is equal to the base move's Z-Power.
503,Scald,Water,Special,100,80,15,Has a 30% chance to burn the target. The target thaws out if it is frozen.
799,Scale Shot,Dragon,Physical,90,25,20,Hits two to five times. Lowers the user's Defense by 1 stage and raises the user's Speed by 1 stage after the last hit. Has a 1/3 chance to hit two or three times
184,Scary Face,Normal,Status,100,0,10,Lowers the target's Speed by 2 stages.
815,Scorching Sands,Ground,Special,100,70,10,Has a 30% chance to burn the target. The target thaws out if it is frozen.
10,Scratch,Normal,Physical,100,40,35,No additional effect.
103,Screech,Normal,Status,85,0,40,Lowers the target's Defense by 2 stages.
545,Searing Shot,Fire,Special,100,100,5,Has a 30% chance to burn the target.
724,Searing Sunraze Smash,Steel,Physical,True,200,1,This move and its effects ignore the Abilities of other Pokemon.
290,Secret Power,Normal,Physical,100,70,20,Has a 30% chance to cause a secondary effect on the target based on the battle terrain. Causes paralysis on the regular Wi-Fi terrain
548,Secret Sword,Fighting,Special,100,85,10,Deals damage to the target based on its Defense instead of Special Defense.
402,Seed Bomb,Grass,Physical,100,80,15,No additional effect.
465,Seed Flare,Grass,Special,85,120,5,Has a 40% chance to lower the target's Special Defense by 2 stages.
69,Seismic Toss,Fighting,Physical,100,0,20,Deals damage to the target equal to the user's level.
120,Self-Destruct,Normal,Physical,100,200,5,The user faints after using this move
247,Shadow Ball,Ghost,Special,100,80,15,Has a 20% chance to lower the target's Special Defense by 1 stage.
708,Shadow Bone,Ghost,Physical,100,85,10,Has a 20% chance to lower the target's Defense by 1 stage.
421,Shadow Claw,Ghost,Physical,100,70,15,Has a higher chance for a critical hit.
467,Shadow Force,Ghost,Physical,100,120,5,If this move is successful
325,Shadow Punch,Ghost,Physical,True,60,20,This move does not check accuracy.
425,Shadow Sneak,Ghost,Physical,100,40,30,No additional effect.
159,Sharpen,Normal,Status,True,0,30,Raises the user's Attack by 1 stage.
648,Shattered Psyche,Psychic,Physical,True,1,1,Power is equal to the base move's Z-Power.
329,Sheer Cold,Ice,Special,30,0,5,Deals damage to the target equal to the target's maximum HP. Ignores accuracy and evasiveness modifiers. This attack's accuracy is equal to (user's level - target's level + X)%
801,Shell Side Arm,Poison,Special,100,90,10,Has a 20% chance to poison the target. This move becomes a physical attack that makes contact if the value of ((((2 * the user's level / 5 + 2) * 90 * X) / Y) / 50)
504,Shell Smash,Normal,Status,True,0,15,Lowers the user's Defense and Special Defense by 1 stage. Raises the user's Attack
704,Shell Trap,Fire,Special,100,150,5,Fails unless the user is hit by a physical attack from an opponent this turn before it can execute the move. If the user was hit and has not fainted
508,Shift Gear,Steel,Status,True,0,10,Raises the user's Speed by 2 stages and its Attack by 1 stage.
351,Shock Wave,Electric,Special,True,60,20,This move does not check accuracy.
659,Shore Up,Ground,Status,True,0,10,The user restores 1/2 of its maximum HP
324,Signal Beam,Bug,Special,100,75,15,Has a 10% chance to confuse the target.
318,Silver Wind,Bug,Special,100,60,5,Has a 10% chance to raise the user's Attack
493,Simple Beam,Normal,Status,100,0,15,Causes the target's Ability to become Simple. Fails if the target's Ability is Battle Bond
47,Sing,Normal,Status,55,0,15,Causes the target to fall asleep.
695,Sinister Arrow Raid,Ghost,Physical,True,180,1,No additional effect.
735,Sizzly Slide,Fire,Physical,100,60,20,Has a 100% chance to burn the foe.
166,Sketch,Normal,Status,True,0,1,This move is permanently replaced by the last move used by the target. The copied move has the maximum PP for that move. Fails if the target has not made a move
285,Skill Swap,Psychic,Status,True,0,10,The user swaps its Ability with the target's Ability. Fails if either the user or the target's Ability is Battle Bond
806,Skitter Smack,Bug,Physical,90,70,10,Has a 100% chance to lower the target's Special Attack by 1 stage.
130,Skull Bash,Normal,Physical,100,130,10,This attack charges on the first turn and executes on the second. Raises the user's Defense by 1 stage on the first turn. If the user is holding a Power Herb
143,Sky Attack,Flying,Physical,90,140,5,Has a 30% chance to flinch the target and a higher chance for a critical hit. This attack charges on the first turn and executes on the second. If the user is holding a Power Herb
507,Sky Drop,Flying,Physical,100,60,10,This attack takes the target into the air with the user on the first turn and executes on the second. Pokemon weighing 200 kg or more cannot be lifted. On the first turn
327,Sky Uppercut,Fighting,Physical,90,85,15,This move can hit a target using Bounce
303,Slack Off,Normal,Status,True,0,10,The user restores 1/2 of its maximum HP
21,Slam,Normal,Physical,75,80,20,No additional effect.
163,Slash,Normal,Physical,100,70,20,Has a higher chance for a critical hit.
79,Sleep Powder,Grass,Status,75,0,15,Causes the target to fall asleep.
214,Sleep Talk,Normal,Status,True,0,10,One of the user's known moves
124,Sludge,Poison,Special,100,65,20,Has a 30% chance to poison the target.
188,Sludge Bomb,Poison,Special,100,90,10,Has a 30% chance to poison the target.
482,Sludge Wave,Poison,Special,100,95,10,Has a 10% chance to poison the target.
479,Smack Down,Rock,Physical,100,50,15,This move can hit a target using Bounce
684,Smart Strike,Steel,Physical,True,70,10,This move does not check accuracy.
265,Smelling Salts,Normal,Physical,100,70,10,Power doubles if the target is paralyzed. If the user has not fainted
123,Smog,Poison,Special,70,30,20,Has a 40% chance to poison the target.
108,Smokescreen,Normal,Status,100,0,20,Lowers the target's accuracy by 1 stage.
779,Snap Trap,Grass,Physical,100,35,15,Prevents the target from switching for four or five turns (seven turns if the user is holding Grip Claw). Causes damage to the target equal to 1/8 of its maximum HP (1/6 if the user is holding Binding Band)
555,Snarl,Dark,Special,95,55,15,Has a 100% chance to lower the target's Special Attack by 1 stage.
289,Snatch,Dark,Status,True,0,10,If another Pokemon uses certain non-damaging moves this turn
745,Snipe Shot,Water,Special,100,80,15,Has a higher chance for a critical hit. This move cannot be redirected to a different target by any effect.
173,Snore,Normal,Special,100,50,15,Has a 30% chance to flinch the target. Fails if the user is not asleep.
487,Soak,Water,Status,100,0,20,Causes the target to become a Water type. Fails if the target is an Arceus or a Silvally
135,Soft-Boiled,Normal,Status,True,0,10,The user restores 1/2 of its maximum HP
76,Solar Beam,Grass,Special,100,120,10,This attack charges on the first turn and executes on the second. Power is halved if the weather is Hail
669,Solar Blade,Grass,Physical,100,125,10,This attack charges on the first turn and executes on the second. Power is halved if the weather is Hail
49,Sonic Boom,Normal,Special,90,0,20,Deals 20 HP of damage to the target.
699,Soul-Stealing 7-Star Strike,Ghost,Physical,True,195,1,No additional effect.
460,Spacial Rend,Dragon,Special,95,100,5,Has a higher chance for a critical hit.
209,Spark,Electric,Physical,100,65,20,Has a 30% chance to paralyze the target.
664,Sparkling Aria,Water,Special,100,90,10,If the user has not fainted
740,Sparkly Swirl,Fairy,Special,85,120,5,Every Pokemon in the user's party is cured of its major status condition.
712,Spectral Thief,Ghost,Physical,100,90,10,The target's stat stages greater than 0 are stolen from it and applied to the user before dealing damage.
683,Speed Swap,Psychic,Status,True,0,10,The user swaps its Speed stat with the target. Stat stage changes are unaffected.
169,Spider Web,Bug,Status,True,0,10,Prevents the target from switching out. The target can still switch out if it is holding Shed Shell or uses Baton Pass
131,Spike Cannon,Normal,Physical,100,20,15,Hits two to five times. Has a 1/3 chance to hit two or three times
191,Spikes,Ground,Status,True,0,20,Sets up a hazard on the opposing side of the field
596,Spiky Shield,Grass,Status,True,0,10,The user is protected from most attacks made by other Pokemon during this turn
789,Spirit Break,Fairy,Physical,100,75,10,Has a 100% chance to lower the target's Special Attack by 1 stage.
662,Spirit Shackle,Ghost,Physical,100,80,10,Prevents the target from switching out. The target can still switch out if it is holding Shed Shell or uses Baton Pass
255,Spit Up,Normal,Special,100,0,10,Power is equal to 100 times the user's Stockpile count. Fails if the user's Stockpile count is 0. Whether or not this move is successful
180,Spite,Ghost,Status,100,0,10,Causes the target's last move used to lose 4 PP. Fails if the target has not made a move
150,Splash,Normal,Status,True,0,40,No competitive use.
727,Splintered Stormshards,Rock,Physical,True,190,1,Ends the effects of Electric Terrain
730,Splishy Splash,Water,Special,100,90,15,Has a 30% chance to paralyze the target.
147,Spore,Grass,Status,100,0,15,Causes the target to fall asleep.
671,Spotlight,Normal,Status,True,0,15,Until the end of the turn
446,Stealth Rock,Rock,Status,True,0,20,Sets up a hazard on the opposing side of the field
592,Steam Eruption,Water,Special,95,110,5,Has a 30% chance to burn the target. The target thaws out if it is frozen.
537,Steamroller,Bug,Physical,100,65,20,Has a 30% chance to flinch the target. Damage doubles and no accuracy check is done if the target has used Minimize while active.
796,Steel Beam,Steel,Special,95,140,5,Whether or not this move is successful and even if it would cause fainting
798,Steel Roller,Steel,Physical,100,130,5,Fails if there is no terrain active. Ends the effects of Electric Terrain
211,Steel Wing,Steel,Physical,90,70,25,Has a 10% chance to raise the user's Defense by 1 stage.
564,Sticky Web,Bug,Status,True,0,20,Sets up a hazard on the opposing side of the field
254,Stockpile,Normal,Status,True,0,20,Raises the user's Defense and Special Defense by 1 stage. The user's Stockpile count increases by 1. Fails if the user's Stockpile count is 3. The user's Stockpile count is reset to 0 when it is no longer active.
700,Stoked Sparksurfer,Electric,Special,True,175,1,Has a 100% chance to paralyze the target.
23,Stomp,Normal,Physical,100,65,20,Has a 30% chance to flinch the target. Damage doubles and no accuracy check is done if the target has used Minimize while active.
707,Stomping Tantrum,Ground,Physical,100,75,10,Power doubles if the user's last move on the previous turn
444,Stone Edge,Rock,Physical,80,100,5,Has a higher chance for a critical hit.
500,Stored Power,Psychic,Special,100,20,10,Power is equal to 20+(X*20)
480,Storm Throw,Fighting,Physical,100,60,10,This move is always a critical hit unless the target is under the effect of Lucky Chant or has the Battle Armor or Shell Armor Abilities.
790,Strange Steam,Fairy,Special,95,90,10,Has a 20% chance to confuse the target.
70,Strength,Normal,Physical,100,80,15,No additional effect.
668,Strength Sap,Grass,Status,100,0,10,Lowers the target's Attack by 1 stage. The user restores its HP equal to the target's Attack stat calculated with its stat stage before this move was used. If Big Root is held by the user
81,String Shot,Bug,Status,95,0,40,Lowers the target's Speed by 2 stages.
165,Struggle,Normal,Physical,True,50,1,Deals typeless damage to a random opposing Pokemon. If this move was successful
522,Struggle Bug,Bug,Special,100,50,20,Has a 100% chance to lower the target's Special Attack by 1 stage.
747,Stuff Cheeks,Normal,Status,True,0,10,This move cannot be selected unless the user is holding a Berry. The user eats its Berry and raises its Defense by 2 stages. This effect is not prevented by the Klutz or Unnerve Abilities
78,Stun Spore,Grass,Status,75,0,30,Paralyzes the target.
66,Submission,Fighting,Physical,80,80,20,If the target lost HP
164,Substitute,Normal,Status,True,0,10,The user takes 1/4 of its maximum HP
650,Subzero Slammer,Ice,Physical,True,1,1,Power is equal to the base move's Z-Power.
389,Sucker Punch,Dark,Physical,100,70,5,Fails if the target did not select a physical attack
241,Sunny Day,Fire,Status,True,0,5,For 5 turns
713,Sunsteel Strike,Steel,Physical,100,100,5,This move and its effects ignore the Abilities of other Pokemon.
162,Super Fang,Normal,Physical,90,0,10,Deals damage to the target equal to half of its current HP
276,Superpower,Fighting,Physical,100,120,5,Lowers the user's Attack and Defense by 1 stage.
48,Supersonic,Normal,Status,55,0,20,Causes the target to become confused.
626,Supersonic Skystrike,Flying,Physical,True,1,1,Power is equal to the base move's Z-Power.
57,Surf,Water,Special,100,90,15,Damage doubles if the target is using Dive.
818,Surging Strikes,Water,Physical,100,25,5,Hits three times. This move is always a critical hit unless the target is under the effect of Lucky Chant or has the Battle Armor or Shell Armor Abilities.
207,Swagger,Normal,Status,85,0,15,Raises the target's Attack by 2 stages and confuses it.
256,Swallow,Normal,Status,True,0,10,The user restores its HP based on its Stockpile count. Restores 1/4 of its maximum HP if it's 1
186,Sweet Kiss,Fairy,Status,75,0,10,Causes the target to become confused.
230,Sweet Scent,Normal,Status,100,0,20,Lowers the target's evasiveness by 2 stages.
129,Swift,Normal,Special,True,60,20,This move does not check accuracy.
415,Switcheroo,Dark,Status,100,0,10,The user swaps its held item with the target's held item. Fails if either the user or the target is holding a Mail or Z-Crystal
14,Swords Dance,Normal,Status,True,0,20,Raises the user's Attack by 2 stages.
485,Synchronoise,Psychic,Special,100,120,10,The target is immune if it does not share a type with the user.
235,Synthesis,Grass,Status,True,0,5,The user restores 1/2 of its maximum HP if Delta Stream or no weather conditions are in effect or if the user is holding Utility Umbrella
33,Tackle,Normal,Physical,100,40,35,No additional effect.
294,Tail Glow,Bug,Status,True,0,20,Raises the user's Special Attack by 3 stages.
541,Tail Slap,Normal,Physical,85,25,10,Hits two to five times. Has a 1/3 chance to hit two or three times
39,Tail Whip,Normal,Status,100,0,30,Lowers the target's Defense by 1 stage.
366,Tailwind,Flying,Status,True,0,15,For 4 turns
36,Take Down,Normal,Physical,85,90,20,If the target lost HP
749,Tar Shot,Rock,Status,100,0,20,Lowers the target's Speed by 1 stage. Until the target switches out
269,Taunt,Dark,Status,100,0,20,Prevents the target from using non-damaging moves for its next three turns. Pokemon with the Oblivious Ability or protected by the Aroma Veil Ability are immune.
715,Tearful Look,Normal,Status,True,0,20,Lowers the target's Attack and Special Attack by 1 stage.
752,Teatime,Normal,Status,True,0,10,All active Pokemon consume their held Berries. This effect is not prevented by substitutes
546,Techno Blast,Normal,Special,100,120,5,This move's type depends on the user's held Drive.
630,Tectonic Rage,Ground,Physical,True,1,1,Power is equal to the base move's Z-Power.
298,Teeter Dance,Normal,Status,100,0,20,Causes the target to become confused.
477,Telekinesis,Psychic,Status,True,0,15,For 3 turns
100,Teleport,Psychic,Status,True,0,20,If this move is successful and the user has not fainted
805,Terrain Pulse,Normal,Special,100,50,10,Power doubles if the user is grounded and a terrain is active
168,Thief,Dark,Physical,100,60,25,If this attack was successful and the user has not fainted
614,Thousand Arrows,Ground,Physical,100,90,10,This move can hit airborne Pokemon
615,Thousand Waves,Ground,Physical,100,90,10,Prevents the target from switching out. The target can still switch out if it is holding Shed Shell or uses Baton Pass
37,Thrash,Normal,Physical,100,120,10,The user spends two or three turns locked into this move and becomes confused immediately after its move on the last turn of the effect if it is not already. This move targets an opposing Pokemon at random on each turn. If the user is prevented from moving
675,Throat Chop,Dark,Physical,100,80,15,For 2 turns
87,Thunder,Electric,Special,70,110,10,Has a 30% chance to paralyze the target. This move can hit a target using Bounce
85,Thunderbolt,Electric,Special,100,90,15,Has a 10% chance to paralyze the target.
819,Thunder Cage,Electric,Special,90,80,15,Prevents the target from switching for four or five turns (seven turns if the user is holding Grip Claw). Causes damage to the target equal to 1/8 of its maximum HP (1/6 if the user is holding Binding Band)
422,Thunder Fang,Electric,Physical,95,65,15,Has a 10% chance to paralyze the target and a 10% chance to flinch it.
823,Thunderous Kick,Fighting,Physical,100,90,10,Has a 100% chance to lower the target's Defense by 1 stage.
9,Thunder Punch,Electric,Physical,100,75,15,Has a 10% chance to paralyze the target.
84,Thunder Shock,Electric,Special,100,40,30,Has a 10% chance to paralyze the target.
86,Thunder Wave,Electric,Status,90,0,20,Paralyzes the target. This move does not ignore type immunity.
321,Tickle,Normal,Status,100,0,20,Lowers the target's Attack and Defense by 1 stage.
576,Topsy-Turvy,Dark,Status,True,0,20,The target's positive stat stages become negative and vice versa. Fails if all of the target's stat stages are 0.
259,Torment,Dark,Status,100,0,15,Prevents the target from selecting the same move for use two turns in a row. This effect ends when the target is no longer active.
92,Toxic,Poison,Status,90,0,10,Badly poisons the target. If a Poison-type Pokemon uses this move
390,Toxic Spikes,Poison,Status,True,0,20,Sets up a hazard on the opposing side of the field
672,Toxic Thread,Poison,Status,100,0,20,Lowers the target's Speed by 1 stage and poisons it.
144,Transform,Normal,Status,True,0,10,The user transforms into the target. The target's current stats
161,Tri Attack,Normal,Special,100,80,10,Has a 20% chance to either burn
271,Trick,Psychic,Status,100,0,10,The user swaps its held item with the target's held item. Fails if either the user or the target is holding a Mail or Z-Crystal
567,Trick-or-Treat,Ghost,Status,100,0,20,Causes the Ghost type to be added to the target
433,Trick Room,Psychic,Status,True,0,5,For 5 turns
813,Triple Axel,Ice,Physical,90,20,10,Hits three times. Power increases to 40 for the second hit and 60 for the third. This move checks accuracy for each hit
167,Triple Kick,Fighting,Physical,90,10,10,Hits three times. Power increases to 20 for the second hit and 30 for the third. This move checks accuracy for each hit
688,Trop Kick,Grass,Physical,100,70,15,Has a 100% chance to lower the target's Attack by 1 stage.
376,Trump Card,Normal,Special,True,0,5,The power of this move is based on the amount of PP remaining after normal PP reduction and the Pressure Ability resolve. 200 power for 0 PP
41,Twineedle,Bug,Physical,100,25,20,Hits twice
656,Twinkle Tackle,Fairy,Physical,True,1,1,Power is equal to the base move's Z-Power.
239,Twister,Dragon,Special,100,40,20,Has a 20% chance to flinch the target. Power doubles if the target is using Bounce
369,U-turn,Bug,Physical,100,70,20,If this move is successful and the user has not fainted
253,Uproar,Normal,Special,100,90,10,The user spends three turns locked into this move. This move targets an opponent at random on each turn. On the first of the three turns
410,Vacuum Wave,Fighting,Special,100,40,30,No additional effect.
557,V-create,Fire,Physical,95,180,5,Lowers the user's Speed
741,Veevee Volley,Normal,Physical,True,0,20,Power is equal to the greater of (user's Happiness * 2/5)
599,Venom Drench,Poison,Status,100,0,20,Lowers the target's Attack
474,Venoshock,Poison,Special,100,65,10,Power doubles if the target is poisoned.
22,Vine Whip,Grass,Physical,100,45,25,No additional effect.
11,Vise Grip,Normal,Physical,100,55,30,No additional effect.
233,Vital Throw,Fighting,Physical,True,70,10,This move does not check accuracy.
521,Volt Switch,Electric,Special,100,70,20,If this move is successful and the user has not fainted
344,Volt Tackle,Electric,Physical,100,120,15,Has a 10% chance to paralyze the target. If the target lost HP
358,Wake-Up Slap,Fighting,Physical,100,70,10,Power doubles if the target is asleep. If the user has not fainted
127,Waterfall,Water,Physical,100,80,15,Has a 20% chance to flinch the target.
55,Water Gun,Water,Special,100,40,25,No additional effect.
518,Water Pledge,Water,Special,100,80,10,If one of the user's allies chose to use Fire Pledge or Grass Pledge this turn and has not moved yet
352,Water Pulse,Water,Special,100,60,20,Has a 20% chance to confuse the target.
594,Water Shuriken,Water,Special,100,15,20,Hits two to five times. Has a 1/3 chance to hit two or three times
346,Water Sport,Water,Status,True,0,15,For 5 turns
323,Water Spout,Water,Special,100,150,5,Power is equal to (user's current HP * 150 / user's maximum HP)
311,Weather Ball,Normal,Special,100,50,10,Power doubles if a weather condition other than Delta Stream is active
250,Whirlpool,Water,Special,85,35,15,Prevents the target from switching for four or five turns (seven turns if the user is holding Grip Claw). Causes damage to the target equal to 1/8 of its maximum HP (1/6 if the user is holding Binding Band)
18,Whirlwind,Normal,Status,True,0,20,The target is forced to switch out and be replaced with a random unfainted ally. Fails if the target is the last unfainted Pokemon in its party
817,Wicked Blow,Dark,Physical,100,80,5,This move is always a critical hit unless the target is under the effect of Lucky Chant or has the Battle Armor or Shell Armor Abilities.
469,Wide Guard,Rock,Status,True,0,10,The user and its party members are protected from moves made by other Pokemon
528,Wild Charge,Electric,Physical,100,90,15,If the target lost HP
261,Will-O-Wisp,Fire,Status,85,0,15,Burns the target.
17,Wing Attack,Flying,Physical,100,60,35,No additional effect.
273,Wish,Normal,Status,True,0,10,At the end of the next turn
110,Withdraw,Water,Status,True,0,40,Raises the user's Defense by 1 stage.
472,Wonder Room,Psychic,Status,True,0,10,For 5 turns
452,Wood Hammer,Grass,Physical,100,120,15,If the target lost HP
526,Work Up,Normal,Status,True,0,30,Raises the user's Attack and Special Attack by 1 stage.
388,Worry Seed,Grass,Status,100,0,10,Causes the target's Ability to become Insomnia. Fails if the target's Ability is Battle Bond
35,Wrap,Normal,Physical,90,15,20,Prevents the target from switching for four or five turns (seven turns if the user is holding Grip Claw). Causes damage to the target equal to 1/8 of its maximum HP (1/6 if the user is holding Binding Band)
378,Wring Out,Normal,Special,100,0,5,Power is equal to 120 * (target's current HP / target's maximum HP)
404,X-Scissor,Bug,Physical,100,80,15,No additional effect.
281,Yawn,Normal,Status,True,0,10,Causes the target to fall asleep at the end of the next turn. Fails when used if the target cannot fall asleep or if it already has a major status condition. At the end of the next turn
192,Zap Cannon,Electric,Special,50,120,5,Has a 100% chance to paralyze the target.
428,Zen Headbutt,Psychic,Physical,90,80,15,Has a 20% chance to flinch the target.
716,Zing Zap,Electric,Physical,100,80,10,Has a 30% chance to flinch the target.
729,Zippy Zap,Electric,Physical,100,80,10,Has a 100% chance to raise the user's evasion by 1 stage.
